movie,review_id,review_text
Hal,01,"The acting was extraordinary and the lead actor completely owned the role, but the story felt predictable."
Hal,02,"Amazing visuals and background music made this movie a great theatrical experience."
Hal,03,"The plot started well but became slow and boring in the second half."
Hal,04,"Outstanding performances by the cast, although the direction lacked freshness."
Hal,05,"I loved the cinematography and music, but the screenplay could have been tighter."
Hal,06,"Terrible acting and weak dialogues ruined what could have been a good movie."
Hal,07,"The movie had a strong emotional story and excellent performances."
Hal,08,"Good concept, but the execution failed badly and the pacing was off."
Hal,09,"The visuals were stunning, but the overall movie felt too long."
Hal,10,"A complete waste of time with bad acting and no engaging story."
Hal,11,"The background score elevated many emotional scenes in the film."
Hal,12,"The story was engaging for most parts, but the climax disappointed."
Hal,13,"Brilliant direction and solid performances made this movie enjoyable."
Hal,14,"Too slow and boring at times, although the acting was decent."
Hal,15,"Great acting, beautiful visuals, and an emotional story made this a memorable film."
